A New Angle on Light Control (Discover Magazine),http://news.feedzilla.com/en_us/stories/science/416619169?client_source=api&format=json,"A tiny block reflects rays like a mirror except at one angle.

"
Could Tizen Be the Next Android?,http://rss.slashdot.org/~r/Slashdot/slashdot/~3/uZuTePjQQls/story01.htm,"MollsEisley writes: Right now, Tizen is still somewhat half-baked, which is why you shouldn't expect to see a high-end Tizen smartphone hit your local carrier for a while yet, but Samsung's priorities could change rapidly. If Tizen development speeds up a bit, the OS could become a stand-in for Android on entry-level and mid-range Samsung phones and eventually take over Samsung's entire smartphone (and tablet) lineup.<p><div class=""share_submission"" style=""position:relative;""> <a class=""slashpop"" href=""http://twitter.com/home?status=Could+Tizen+Be+the+Next+Android%3F%3A+http%3A%2F%2Fbit.ly%2F1J29Y9x""><img src=""http://a.fsdn.com/sd/twitter_icon_large.png""></a> <a class=""slashpop"" href=""http://www.facebook.com/sharer.php?u=http%3A%2F%2Ftech.slashdot.org%2Fstory%2F15%2F01%2F20%2F0520232%2Fcould-tizen-be-the-next-android%3Futm_source%3Dslashdot%26utm_medium%3Dfacebook""><img src=""http://a.fsdn.com/sd/facebook_icon_large.png""></a> <a class=""nobg"" href=""http://plus.google.com/share?url=http://tech.slashdot.org/story/15/01/20/0520232/could-tizen-be-the-next-android?utm_source=slashdot&amp;utm_medium=googleplus"" onclick=""javascript:window.open(this.href,'', 'menubar=no,toolbar=no,resizable=yes,scrollbars=yes,height=600,width=600');return false;""><img src=""http://www.gstatic.com/images/icons/gplus-16.png"" alt=""Share on Google+""/></a> </div></p><p><a href=""http://tech.slashdot.org/story/15/01/20/0520232/could-tizen-be-the-next-android?utm_source=rss1.0moreanon&amp;utm_medium=feed"">Read more of this story</a> at Slashdot.</p><iframe src=""http://slashdot.org/slashdot-it.pl?op=discuss&amp;id=6764837&amp;smallembed=1"" style=""height: 300px; width: 100%; border: none;""></iframe><img width='1' height='1' src='http://slashdot.feedsportal.com/c/35028/f/647410/s/4281b71e/sc/5/mf.gif' border='0'/><br clear='all'/><br/><br/><a href=""http://da.feedsportal.com/r/218610794341/u/49/f/647410/c/35028/s/4281b71e/sc/5/rc/1/rc.htm"" rel=""nofollow""><img src=""http://da.feedsportal.com/r/218610794341/u/49/f/647410/c/35028/s/4281b71e/sc/5/rc/1/rc.img"" border=""0""/></a><br/><a href=""http://da.feedsportal.com/r/218610794341/u/49/f/647410/c/35028/s/4281b71e/sc/5/rc/2/rc.htm"" rel=""nofollow""><img src=""http://da.feedsportal.com/r/218610794341/u/49/f/647410/c/35028/s/4281b71e/sc/5/rc/2/rc.img"" border=""0""/></a><br/><a href=""http://da.feedsportal.com/r/218610794341/u/49/f/647410/c/35028/s/4281b71e/sc/5/rc/3/rc.htm"" rel=""nofollow""><img src=""http://da.feedsportal.com/r/218610794341/u/49/f/647410/c/35028/s/4281b71e/sc/5/rc/3/rc.img"" border=""0""/></a><br/><br/><a href=""http://da.feedsportal.com/r/218610794341/u/49/f/647410/c/35028/s/4281b71e/sc/5/a2.htm""><img src=""http://da.feedsportal.com/r/218610794341/u/49/f/647410/c/35028/s/4281b71e/sc/5/a2.img"" border=""0""/></a><img width=""1"" height=""1"" src=""http://pi.feedsportal.com/r/218610794341/u/49/f/647410/c/35028/s/4281b71e/sc/5/a2t.img"" border=""0""/><img src=""//feeds.feedburner.com/~r/Slashdot/slashdot/~4/uZuTePjQQls"" height=""1"" width=""1"" alt=""""/>"
Donated Embryo Leads to Stem Cell Line that Generates Nerve Cells (bioethicscom),http://news.feedzilla.com/en_us/stories/science/416731041?client_source=api&format=json,"(Medical Xpress) - University of Michigan alumna Brooke Kendrick and her
husband Stephen were ready to start a family. But a devastating inherited
nerve disease runs in her family, affecting her brother and threatening to
kill or cripple any male … Read More

"
Euthanasia Clinic Criticized for Helping Woman with Severe Tinnitus to Die (bioethicscom),http://news.feedzilla.com/en_us/stories/science/416711145?client_source=api&format=json,"(DutchNews.nl) - A special clinic in The Hague, set up to help people whose
doctors do not support euthanasia, has been reprimanded for helping a 47-year-
old woman with chronic tinnitus to die, broadcaster Nos says on Monday. The
independent commission … Read More

"
FBI Seeks To Legally Hack You If You're Connected To TOR Or a VPN,http://rss.slashdot.org/~r/Slashdot/slashdot/~3/rQML_4h08YU/story01.htm,"SonicSpike writes The investigative arm of the Department of Justice is attempting to short-circuit the legal checks of the Fourth Amendment by requesting a change in the Federal Rules of Criminal Procedure. These procedural rules dictate how law enforcement agencies must conduct criminal prosecutions, from investigation to trial. Any deviations from the rules can have serious consequences, including dismissal of a case. The specific rule the FBI is targeting outlines the terms for obtaining a search warrant. It's called Federal Rule 41(b), and the requested change would allow law enforcement to obtain a warrant to search electronic data without providing any specific details as long as the target computer location has been hidden through a technical tool like Tor or a virtual private network. It would also allow nonspecific search warrants where computers have been intentionally damaged (such as through botnets, but also through common malware and viruses) and are in five or more separate federal judicial districts. Furthermore, the provision would allow investigators to seize electronically stored information regardless of whether that information is stored inside or outside the court's jurisdiction.<p><div class=""share_submission"" style=""position:relative;""> <a class=""slashpop"" href=""http://twitter.com/home?status=FBI+Seeks+To+Legally+Hack+You+If+You're+Connected+To+TOR+Or+a+VPN%3A+http%3A%2F%2Fbit.ly%2F1CLd4el""><img src=""http://a.fsdn.com/sd/twitter_icon_large.png""></a> <a class=""slashpop"" href=""http://www.facebook.com/sharer.php?u=http%3A%2F%2Fyro.slashdot.org%2Fstory%2F15%2F01%2F20%2F1540241%2Ffbi-seeks-to-legally-hack-you-if-youre-connected-to-tor-or-a-vpn%3Futm_source%3Dslashdot%26utm_medium%3Dfacebook""><img src=""http://a.fsdn.com/sd/facebook_icon_large.png""></a> <a class=""nobg"" href=""http://plus.google.com/share?url=http://yro.slashdot.org/story/15/01/20/1540241/fbi-seeks-to-legally-hack-you-if-youre-connected-to-tor-or-a-vpn?utm_source=slashdot&amp;utm_medium=googleplus"" onclick=""javascript:window.open(this.href,'', 'menubar=no,toolbar=no,resizable=yes,scrollbars=yes,height=600,width=600');return false;""><img src=""http://www.gstatic.com/images/icons/gplus-16.png"" alt=""Share on Google+""/></a> </div></p><p><a href=""http://yro.slashdot.org/story/15/01/20/1540241/fbi-seeks-to-legally-hack-you-if-youre-connected-to-tor-or-a-vpn?utm_source=rss1.0moreanon&amp;utm_medium=feed"">Read more of this story</a> at Slashdot.</p><iframe src=""http://slashdot.org/slashdot-it.pl?op=discuss&amp;id=6769963&amp;smallembed=1"" style=""height: 300px; width: 100%; border: none;""></iframe><img width='1' height='1' src='http://slashdot.feedsportal.com/c/35028/f/647410/s/42852921/sc/1/mf.gif' border='0'/><br clear='all'/><br/><br/><a href=""http://da.feedsportal.com/r/218610849206/u/49/f/647410/c/35028/s/42852921/sc/1/rc/1/rc.htm"" rel=""nofollow""><img src=""http://da.feedsportal.com/r/218610849206/u/49/f/647410/c/35028/s/42852921/sc/1/rc/1/rc.img"" border=""0""/></a><br/><a href=""http://da.feedsportal.com/r/218610849206/u/49/f/647410/c/35028/s/42852921/sc/1/rc/2/rc.htm"" rel=""nofollow""><img src=""http://da.feedsportal.com/r/218610849206/u/49/f/647410/c/35028/s/42852921/sc/1/rc/2/rc.img"" border=""0""/></a><br/><a href=""http://da.feedsportal.com/r/218610849206/u/49/f/647410/c/35028/s/42852921/sc/1/rc/3/rc.htm"" rel=""nofollow""><img src=""http://da.feedsportal.com/r/218610849206/u/49/f/647410/c/35028/s/42852921/sc/1/rc/3/rc.img"" border=""0""/></a><br/><br/><a href=""http://da.feedsportal.com/r/218610849206/u/49/f/647410/c/35028/s/42852921/sc/1/a2.htm""><img src=""http://da.feedsportal.com/r/218610849206/u/49/f/647410/c/35028/s/42852921/sc/1/a2.img"" border=""0""/></a><img width=""1"" height=""1"" src=""http://pi.feedsportal.com/r/218610849206/u/49/f/647410/c/35028/s/42852921/sc/1/a2t.img"" border=""0""/><img src=""//feeds.feedburner.com/~r/Slashdot/slashdot/~4/rQML_4h08YU"" height=""1"" width=""1"" alt=""""/>"
First Hubble and Now Dawn Have Seen This White Spot on Ceres. What is it? (Universe Today),http://news.feedzilla.com/en_us/stories/science/416754462?client_source=api&format=json,"There’s a big white spot on Ceres and we don’t know what it is. We’ve known
about the white spot since the Hubble Space Telescope first captured images of
it in 2003 and 2004, and in subsequent images taken by Hubble, the spot
remains visible. Now, in images released yesterday from the Dawn spacecraft,
currently […]

"
First round-the-world solar flight to take off next month (reuters),http://news.feedzilla.com/en_us/stories/science/416663181?client_source=api&format=json,"ABU DHABI (Reuters) - A plane powered by the sun will attempt an unprecedented
flight around the world next month, the project's founders said, seeking to
prove that flying is possible without using fossil fuel.

"
Google Pondering $1 Billion Investment In SpaceX's Satellite Internet,http://rss.slashdot.org/~r/Slashdot/slashdot/~3/QeqiHdT6CEk/story01.htm,"mpicpp writes with a report that Google is close to finalizing an investment in SpaceX to fund the rocket company's vision for satellite-based, low-cost internet access. According to The Information (paywalled), Google is one of many investors for this round of fundraising. The Wall Street Journal (also paywalled) reports Google's investment at $1 billion. They add, ""It is likely to take years to establish designs and potentially set up a specialized satellite-making facility. But SpaceX already has some important building blocks. Industry officials said the company builds its own navigation and flight-control systems for spacecraft, which could provide some elements for satellites. There also are synergies between parts SpaceX makes today for solar arrays on spacecraft and such devices intended for satellites.""<p><div class=""share_submission"" style=""position:relative;""> <a class=""slashpop"" href=""http://twitter.com/home?status=Google+Pondering+%241+Billion+Investment+In+SpaceX's+Satellite+Internet%3A+http%3A%2F%2Fbit.ly%2F1EjpwmD""><img src=""http://a.fsdn.com/sd/twitter_icon_large.png""></a> <a class=""slashpop"" href=""http://www.facebook.com/sharer.php?u=http%3A%2F%2Ftech.slashdot.org%2Fstory%2F15%2F01%2F20%2F001256%2Fgoogle-pondering-1-billion-investment-in-spacexs-satellite-internet%3Futm_source%3Dslashdot%26utm_medium%3Dfacebook""><img src=""http://a.fsdn.com/sd/facebook_icon_large.png""></a> <a class=""nobg"" href=""http://plus.google.com/share?url=http://tech.slashdot.org/story/15/01/20/001256/google-pondering-1-billion-investment-in-spacexs-satellite-internet?utm_source=slashdot&amp;utm_medium=googleplus"" onclick=""javascript:window.open(this.href,'', 'menubar=no,toolbar=no,resizable=yes,scrollbars=yes,height=600,width=600');return false;""><img src=""http://www.gstatic.com/images/icons/gplus-16.png"" alt=""Share on Google+""/></a> </div></p><p><a href=""http://tech.slashdot.org/story/15/01/20/001256/google-pondering-1-billion-investment-in-spacexs-satellite-internet?utm_source=rss1.0moreanon&amp;utm_medium=feed"">Read more of this story</a> at Slashdot.</p><iframe src=""http://slashdot.org/slashdot-it.pl?op=discuss&amp;id=6763093&amp;smallembed=1"" style=""height: 300px; width: 100%; border: none;""></iframe><img width='1' height='1' src='http://slashdot.feedsportal.com/c/35028/f/647410/s/427d92e0/sc/21/mf.gif' border='0'/><br clear='all'/><br/><br/><a href=""http://da.feedsportal.com/r/219132059305/u/49/f/647410/c/35028/s/427d92e0/sc/21/rc/1/rc.htm"" rel=""nofollow""><img src=""http://da.feedsportal.com/r/219132059305/u/49/f/647410/c/35028/s/427d92e0/sc/21/rc/1/rc.img"" border=""0""/></a><br/><a href=""http://da.feedsportal.com/r/219132059305/u/49/f/647410/c/35028/s/427d92e0/sc/21/rc/2/rc.htm"" rel=""nofollow""><img src=""http://da.feedsportal.com/r/219132059305/u/49/f/647410/c/35028/s/427d92e0/sc/21/rc/2/rc.img"" border=""0""/></a><br/><a href=""http://da.feedsportal.com/r/219132059305/u/49/f/647410/c/35028/s/427d92e0/sc/21/rc/3/rc.htm"" rel=""nofollow""><img src=""http://da.feedsportal.com/r/219132059305/u/49/f/647410/c/35028/s/427d92e0/sc/21/rc/3/rc.img"" border=""0""/></a><br/><br/><a href=""http://da.feedsportal.com/r/219132059305/u/49/f/647410/c/35028/s/427d92e0/sc/21/a2.htm""><img src=""http://da.feedsportal.com/r/219132059305/u/49/f/647410/c/35028/s/427d92e0/sc/21/a2.img"" border=""0""/></a><img width=""1"" height=""1"" src=""http://pi.feedsportal.com/r/219132059305/u/49/f/647410/c/35028/s/427d92e0/sc/21/a2t.img"" border=""0""/><img src=""//feeds.feedburner.com/~r/Slashdot/slashdot/~4/QeqiHdT6CEk"" height=""1"" width=""1"" alt=""""/>"
Google Thinks the Insurance Industry May Be Ripe For Disruption,http://rss.slashdot.org/~r/Slashdot/slashdot/~3/hsIDHei0WUQ/story01.htm,"HughPickens.com writes: The insurance industry is a fat target &mdash; there's were about $481 billion in premiums in 2013, and agents' commissions of about $50 billion. Now Conor Dougherty writes in the NYT that the boring but lucrative trade has been attracting big names like Google, which has formed a partnership with Comparenow, an American auto insurance comparison site that will give Google access to insurers in Comparenow's network. ""A lot of people are waking up to the fact that it's a massive industry, it's old-fashioned, they still use human agents and the commissions are pretty big,"" says Jennifer Fitzgerald. It may seem like an odd match for Google, whose projects include driverless cars, delivery drones and a pill to detect cancer, but the key to insurance is having lots of data about people's backgrounds and habits, which is perhaps the company's greatest strength. ""They have a ton of data on where people drive, how people drive,"" says Jon McNeill. ""It's the holy grail of being able to price auto insurance correctly."" People in the industry and Silicon Valley say it is only a matter of time before online agencies attack the armies of intermediaries that are the backbone of the trade, and Google could present formidable competition for other insurance sellers. As many as two-thirds of insurance customers say they would consider purchasing insurance products from organizations other than insurers, including 23 percent who would consider buying from online service providers such as Google and Amazon. Google Compare auto insurance site has already been operating in Britain for two years as a search engine for auto insurance prices.<p><div class=""share_submission"" style=""position:relative;""> <a class=""slashpop"" href=""http://twitter.com/home?status=Google+Thinks+the+Insurance+Industry+May+Be+Ripe+For+Disruption%3A+http%3A%2F%2Fbit.ly%2F15sS4yI""><img src=""http://a.fsdn.com/sd/twitter_icon_large.png""></a> <a class=""slashpop"" href=""http://www.facebook.com/sharer.php?u=http%3A%2F%2Ftech.slashdot.org%2Fstory%2F15%2F01%2F20%2F1832248%2Fgoogle-thinks-the-insurance-industry-may-be-ripe-for-disruption%3Futm_source%3Dslashdot%26utm_medium%3Dfacebook""><img src=""http://a.fsdn.com/sd/facebook_icon_large.png""></a> <a class=""nobg"" href=""http://plus.google.com/share?url=http://tech.slashdot.org/story/15/01/20/1832248/google-thinks-the-insurance-industry-may-be-ripe-for-disruption?utm_source=slashdot&amp;utm_medium=googleplus"" onclick=""javascript:window.open(this.href,'', 'menubar=no,toolbar=no,resizable=yes,scrollbars=yes,height=600,width=600');return false;""><img src=""http://www.gstatic.com/images/icons/gplus-16.png"" alt=""Share on Google+""/></a> </div></p><p><a href=""http://tech.slashdot.org/story/15/01/20/1832248/google-thinks-the-insurance-industry-may-be-ripe-for-disruption?utm_source=rss1.0moreanon&amp;utm_medium=feed"">Read more of this story</a> at Slashdot.</p><iframe src=""http://slashdot.org/slashdot-it.pl?op=discuss&amp;id=6770829&amp;smallembed=1"" style=""height: 300px; width: 100%; border: none;""></iframe><img width='1' height='1' src='http://slashdot.feedsportal.com/c/35028/f/647410/s/4285a90a/sc/36/mf.gif' border='0'/><br clear='all'/><br/><br/><a href=""http://da.feedsportal.com/r/219132095993/u/49/f/647410/c/35028/s/4285a90a/sc/36/rc/1/rc.htm"" rel=""nofollow""><img src=""http://da.feedsportal.com/r/219132095993/u/49/f/647410/c/35028/s/4285a90a/sc/36/rc/1/rc.img"" border=""0""/></a><br/><a href=""http://da.feedsportal.com/r/219132095993/u/49/f/647410/c/35028/s/4285a90a/sc/36/rc/2/rc.htm"" rel=""nofollow""><img src=""http://da.feedsportal.com/r/219132095993/u/49/f/647410/c/35028/s/4285a90a/sc/36/rc/2/rc.img"" border=""0""/></a><br/><a href=""http://da.feedsportal.com/r/219132095993/u/49/f/647410/c/35028/s/4285a90a/sc/36/rc/3/rc.htm"" rel=""nofollow""><img src=""http://da.feedsportal.com/r/219132095993/u/49/f/647410/c/35028/s/4285a90a/sc/36/rc/3/rc.img"" border=""0""/></a><br/><br/><a href=""http://da.feedsportal.com/r/219132095993/u/49/f/647410/c/35028/s/4285a90a/sc/36/a2.htm""><img src=""http://da.feedsportal.com/r/219132095993/u/49/f/647410/c/35028/s/4285a90a/sc/36/a2.img"" border=""0""/></a><img width=""1"" height=""1"" src=""http://pi.feedsportal.com/r/219132095993/u/49/f/647410/c/35028/s/4285a90a/sc/36/a2t.img"" border=""0""/><img src=""//feeds.feedburner.com/~r/Slashdot/slashdot/~4/hsIDHei0WUQ"" height=""1"" width=""1"" alt=""""/>"
India's Tiger Population Jumps 30 Percent (Discovery),http://news.feedzilla.com/en_us/stories/science/416703568?client_source=api&format=json,"A census found 2,226 tigers in India last year compared with 1,706 in 2010,
officials in New Delhi announced.

"
Is D an Underrated Programming Language?,http://rss.slashdot.org/~r/Slashdot/slashdot/~3/ySrBjjuD_eU/story01.htm,"Nerval's Lobster writes: While some programming languages achieved early success only to fall by the wayside (e.g., Delphi), one language that has quietly gained popularity is D, which now ranks 35 in the most recent Tiobe Index. Inspired by C++, D is a general-purpose systems and applications language that's similar to C and C++ in its syntax; it supports procedural, object-oriented, metaprogramming, concurrent and functional programming. D's syntax is simpler and more readable than C++, mainly because D creator Walter Bright developed several C and C++ compilers and is familiar with the subtleties of both languages. D's advocates argue that the language is well thought-out, avoiding many of the complexities encountered with modern C++ programming. So shouldn't it be more popular? The languages with the biggest gains this time around include JavaScript, PL/SQL, Perl, VB, and COBOL. (Yes, COBOL.) The biggest drops belonged to the six most popular languages: Objective-C, C, Java, C++, PHP, and C#.<p><div class=""share_submission"" style=""position:relative;""> <a class=""slashpop"" href=""http://twitter.com/home?status=Is+D+an+Underrated+Programming+Language%3F%3A+http%3A%2F%2Fbit.ly%2F1ukNYyi""><img src=""http://a.fsdn.com/sd/twitter_icon_large.png""></a> <a class=""slashpop"" href=""http://www.facebook.com/sharer.php?u=http%3A%2F%2Fdevelopers.slashdot.org%2Fstory%2F15%2F01%2F20%2F2026221%2Fis-d-an-underrated-programming-language%3Futm_source%3Dslashdot%26utm_medium%3Dfacebook""><img src=""http://a.fsdn.com/sd/facebook_icon_large.png""></a> <a class=""nobg"" href=""http://plus.google.com/share?url=http://developers.slashdot.org/story/15/01/20/2026221/is-d-an-underrated-programming-language?utm_source=slashdot&amp;utm_medium=googleplus"" onclick=""javascript:window.open(this.href,'', 'menubar=no,toolbar=no,resizable=yes,scrollbars=yes,height=600,width=600');return false;""><img src=""http://www.gstatic.com/images/icons/gplus-16.png"" alt=""Share on Google+""/></a> </div></p><p><a href=""http://developers.slashdot.org/story/15/01/20/2026221/is-d-an-underrated-programming-language?utm_source=rss1.0moreanon&amp;utm_medium=feed"">Read more of this story</a> at Slashdot.</p><iframe src=""http://slashdot.org/slashdot-it.pl?op=discuss&amp;id=6771453&amp;smallembed=1"" style=""height: 300px; width: 100%; border: none;""></iframe><img width='1' height='1' src='http://slashdot.feedsportal.com/c/35028/f/647410/s/4286fd2d/sc/4/mf.gif' border='0'/><br clear='all'/><br/><br/><a href=""http://da.feedsportal.com/r/219132099409/u/49/f/647410/c/35028/s/4286fd2d/sc/4/rc/1/rc.htm"" rel=""nofollow""><img src=""http://da.feedsportal.com/r/219132099409/u/49/f/647410/c/35028/s/4286fd2d/sc/4/rc/1/rc.img"" border=""0""/></a><br/><a href=""http://da.feedsportal.com/r/219132099409/u/49/f/647410/c/35028/s/4286fd2d/sc/4/rc/2/rc.htm"" rel=""nofollow""><img src=""http://da.feedsportal.com/r/219132099409/u/49/f/647410/c/35028/s/4286fd2d/sc/4/rc/2/rc.img"" border=""0""/></a><br/><a href=""http://da.feedsportal.com/r/219132099409/u/49/f/647410/c/35028/s/4286fd2d/sc/4/rc/3/rc.htm"" rel=""nofollow""><img src=""http://da.feedsportal.com/r/219132099409/u/49/f/647410/c/35028/s/4286fd2d/sc/4/rc/3/rc.img"" border=""0""/></a><br/><br/><a href=""http://da.feedsportal.com/r/219132099409/u/49/f/647410/c/35028/s/4286fd2d/sc/4/a2.htm""><img src=""http://da.feedsportal.com/r/219132099409/u/49/f/647410/c/35028/s/4286fd2d/sc/4/a2.img"" border=""0""/></a><img width=""1"" height=""1"" src=""http://pi.feedsportal.com/r/219132099409/u/49/f/647410/c/35028/s/4286fd2d/sc/4/a2t.img"" border=""0""/><img src=""//feeds.feedburner.com/~r/Slashdot/slashdot/~4/ySrBjjuD_eU"" height=""1"" width=""1"" alt=""""/>"
Japanese Nobel Laureate Blasts His Country's Treatment of Inventors,http://rss.slashdot.org/~r/Slashdot/slashdot/~3/O6DRRRyZPsI/story01.htm,"schwit1 writes: Shuji Nakamura won the 2014 Nobel Prize in Physics (along with two other scientists) for his work inventing blue LEDs. But long ago he abandoned Japan for the U.S. because his country's culture and patent law did not favor him as an inventor. Nakamura has now blasted Japan for considering further legislation that would do more harm to inventors. ""In the early 2000s, Nakamura had a falling out with his employer and, it seemed, all of Japan. Relying on a clause in Japan's patent law, article 35, that assigns patents to individual inventors, he took the unprecedented step of suing his former employer for a share of the profits his invention was generating. He eventually agreed to a court-mediated $8 million settlement, moved to the University of California, Santa Barbara (UCSB) and became an American citizen. During this period he bitterly complained about Japan's treatment of inventors, the country's educational system and its legal procedures. 'The problem is now the Japanese government wants to eliminate patent law article 35 and give all patent rights to the company. If the Japanese government changes the patent law it means basically there would no compensation [for inventors].'"" There is a similar problem with copyright law in the U.S., where changes to the law in the 1970s and 1990s have made it almost impossible for copyrights to ever expire. The changes favor the corporations rather than the individuals who might actually create the work.<p><div class=""share_submission"" style=""position:relative;""> <a class=""slashpop"" href=""http://twitter.com/home?status=Japanese+Nobel+Laureate+Blasts+His+Country's+Treatment+of+Inventors%3A+http%3A%2F%2Fbit.ly%2F1Bx9EP9""><img src=""http://a.fsdn.com/sd/twitter_icon_large.png""></a> <a class=""slashpop"" href=""http://www.facebook.com/sharer.php?u=http%3A%2F%2Fyro.slashdot.org%2Fstory%2F15%2F01%2F20%2F0059203%2Fjapanese-nobel-laureate-blasts-his-countrys-treatment-of-inventors%3Futm_source%3Dslashdot%26utm_medium%3Dfacebook""><img src=""http://a.fsdn.com/sd/facebook_icon_large.png""></a> <a class=""nobg"" href=""http://plus.google.com/share?url=http://yro.slashdot.org/story/15/01/20/0059203/japanese-nobel-laureate-blasts-his-countrys-treatment-of-inventors?utm_source=slashdot&amp;utm_medium=googleplus"" onclick=""javascript:window.open(this.href,'', 'menubar=no,toolbar=no,resizable=yes,scrollbars=yes,height=600,width=600');return false;""><img src=""http://www.gstatic.com/images/icons/gplus-16.png"" alt=""Share on Google+""/></a> </div></p><p><a href=""http://yro.slashdot.org/story/15/01/20/0059203/japanese-nobel-laureate-blasts-his-countrys-treatment-of-inventors?utm_source=rss1.0moreanon&amp;utm_medium=feed"">Read more of this story</a> at Slashdot.</p><iframe src=""http://slashdot.org/slashdot-it.pl?op=discuss&amp;id=6763223&amp;smallembed=1"" style=""height: 300px; width: 100%; border: none;""></iframe><img width='1' height='1' src='http://slashdot.feedsportal.com/c/35028/f/647410/s/428052a1/sc/8/mf.gif' border='0'/><br clear='all'/><br/><br/><a href=""http://da.feedsportal.com/r/219132072702/u/49/f/647410/c/35028/s/428052a1/sc/8/rc/1/rc.htm"" rel=""nofollow""><img src=""http://da.feedsportal.com/r/219132072702/u/49/f/647410/c/35028/s/428052a1/sc/8/rc/1/rc.img"" border=""0""/></a><br/><a href=""http://da.feedsportal.com/r/219132072702/u/49/f/647410/c/35028/s/428052a1/sc/8/rc/2/rc.htm"" rel=""nofollow""><img src=""http://da.feedsportal.com/r/219132072702/u/49/f/647410/c/35028/s/428052a1/sc/8/rc/2/rc.img"" border=""0""/></a><br/><a href=""http://da.feedsportal.com/r/219132072702/u/49/f/647410/c/35028/s/428052a1/sc/8/rc/3/rc.htm"" rel=""nofollow""><img src=""http://da.feedsportal.com/r/219132072702/u/49/f/647410/c/35028/s/428052a1/sc/8/rc/3/rc.img"" border=""0""/></a><br/><br/><a href=""http://da.feedsportal.com/r/219132072702/u/49/f/647410/c/35028/s/428052a1/sc/8/a2.htm""><img src=""http://da.feedsportal.com/r/219132072702/u/49/f/647410/c/35028/s/428052a1/sc/8/a2.img"" border=""0""/></a><img width=""1"" height=""1"" src=""http://pi.feedsportal.com/r/219132072702/u/49/f/647410/c/35028/s/428052a1/sc/8/a2t.img"" border=""0""/><img src=""//feeds.feedburner.com/~r/Slashdot/slashdot/~4/O6DRRRyZPsI"" height=""1"" width=""1"" alt=""""/>"
Justified: Visual Basic Over Python For an Intro To Programming,http://rss.slashdot.org/~r/Slashdot/slashdot/~3/oAkjFpwHN78/story01.htm,"theodp writes ICT/Computing teacher Ben Gristwood justifies his choice of Visual Basic as a programming language (as a gateway to other languages), sharing an email he sent to a parent who suggested VB was not as 'useful' as Python. ""I understand the popularity at the moment of the Python,"" Gristwood wrote, ""however this language is also based on the C language. When it comes to more complex constructs Python cannot do them and I would be forced to rely on C (which is incredibly complex for a junior developer) VB acts as the transition between the two and introduces the concepts without the difficult conventions required. Students in Python are not required to do things such as declare variables, which is something that is required for GCSE and A-Level exams."" Since AP Computer Science debuted in 1984, it has transitioned from Pascal to C++ to Java. For the new AP Computer Science Principles course, which will debut in 2016, the College Board is leaving the choice of programming language(s) up to the teachers. So, if it was your call, what would be your choice for the Best Programming Language for High School?<p><div class=""share_submission"" style=""position:relative;""> <a class=""slashpop"" href=""http://twitter.com/home?status=Justified%3A+Visual+Basic+Over+Python+For+an+Intro+To+Programming%3A+http%3A%2F%2Fbit.ly%2F1ztTNAe""><img src=""http://a.fsdn.com/sd/twitter_icon_large.png""></a> <a class=""slashpop"" href=""http://www.facebook.com/sharer.php?u=http%3A%2F%2Fdevelopers.slashdot.org%2Fstory%2F15%2F01%2F20%2F1534255%2Fjustified-visual-basic-over-python-for-an-intro-to-programming%3Futm_source%3Dslashdot%26utm_medium%3Dfacebook""><img src=""http://a.fsdn.com/sd/facebook_icon_large.png""></a> <a class=""nobg"" href=""http://plus.google.com/share?url=http://developers.slashdot.org/story/15/01/20/1534255/justified-visual-basic-over-python-for-an-intro-to-programming?utm_source=slashdot&amp;utm_medium=googleplus"" onclick=""javascript:window.open(this.href,'', 'menubar=no,toolbar=no,resizable=yes,scrollbars=yes,height=600,width=600');return false;""><img src=""http://www.gstatic.com/images/icons/gplus-16.png"" alt=""Share on Google+""/></a> </div></p><p><a href=""http://developers.slashdot.org/story/15/01/20/1534255/justified-visual-basic-over-python-for-an-intro-to-programming?utm_source=rss1.0moreanon&amp;utm_medium=feed"">Read more of this story</a> at Slashdot.</p><iframe src=""http://slashdot.org/slashdot-it.pl?op=discuss&amp;id=6769929&amp;smallembed=1"" style=""height: 300px; width: 100%; border: none;""></iframe><img width='1' height='1' src='http://slashdot.feedsportal.com/c/35028/f/647410/s/42844b58/sc/4/mf.gif' border='0'/><br clear='all'/><br/><br/><a href=""http://da.feedsportal.com/r/218610806679/u/49/f/647410/c/35028/s/42844b58/sc/4/rc/1/rc.htm"" rel=""nofollow""><img src=""http://da.feedsportal.com/r/218610806679/u/49/f/647410/c/35028/s/42844b58/sc/4/rc/1/rc.img"" border=""0""/></a><br/><a href=""http://da.feedsportal.com/r/218610806679/u/49/f/647410/c/35028/s/42844b58/sc/4/rc/2/rc.htm"" rel=""nofollow""><img src=""http://da.feedsportal.com/r/218610806679/u/49/f/647410/c/35028/s/42844b58/sc/4/rc/2/rc.img"" border=""0""/></a><br/><a href=""http://da.feedsportal.com/r/218610806679/u/49/f/647410/c/35028/s/42844b58/sc/4/rc/3/rc.htm"" rel=""nofollow""><img src=""http://da.feedsportal.com/r/218610806679/u/49/f/647410/c/35028/s/42844b58/sc/4/rc/3/rc.img"" border=""0""/></a><br/><br/><a href=""http://da.feedsportal.com/r/218610806679/u/49/f/647410/c/35028/s/42844b58/sc/4/a2.htm""><img src=""http://da.feedsportal.com/r/218610806679/u/49/f/647410/c/35028/s/42844b58/sc/4/a2.img"" border=""0""/></a><img width=""1"" height=""1"" src=""http://pi.feedsportal.com/r/218610806679/u/49/f/647410/c/35028/s/42844b58/sc/4/a2t.img"" border=""0""/><img src=""//feeds.feedburner.com/~r/Slashdot/slashdot/~4/oAkjFpwHN78"" height=""1"" width=""1"" alt=""""/>"
KBG syndrome (US NLM),http://news.feedzilla.com/en_us/stories/science/416717489?client_source=api&format=json,"KBG syndrome and its relationship with gene ANKRD11 have been added to
Genetics Home Reference. Web links to MedlinePlus, patient support web sites,
Genetic Testing Registry, ClinicalTrials.gov, PubMed, and OMIM are included.

"
Librem: a Laptop Custom-Made For Free/Libre Software,http://rss.slashdot.org/~r/Slashdot/slashdot/~3/DjVWtUXsS9c/story01.htm,"Bunnie Huang's Novena laptop re-invents the laptop with open source (and Free software) in mind, but the hackability that it's built for requires a fair amount of tolerance on a user's part for funky design and visible guts. New submitter dopeghost writes with word of the nearly-funded (via Crowd Supply) Librem laptop, a different kind of Free-software machine using components ""specifically selected so that no binary blobs are needed in the Linux kernel that ships with the laptop."" Made from high quality components and featuring a MacBook-like design including a choice of HiDPI screen, the Librem might just be the first laptop to ship with a modern Intel CPU that is not locked down to require proprietary firmware. Richard M. Stallman, president of the FSF, said, ""Getting rid of the signature checking is an important step. While it doesn't give us free code for the firmware, it means that users will really have control of the firmware once we get free code for it."" Unlike some crowdfunding projects, this one is far from pie-in-the-sky, relying mostly on off-the-shelf components, with a planned shipping date in Spring of this year: ""Purism is manufacturing the motherboard, and screen printing the keyboard. Purism is sourcing the case, daughter cards, memory, drives, battery, camera, and screen.""<p><div class=""share_submission"" style=""position:relative;""> <a class=""slashpop"" href=""http://twitter.com/home?status=Librem%3A+a+Laptop+Custom-Made+For+Free%2FLibre+Software+%3A+http%3A%2F%2Fbit.ly%2F1Cx0OxI""><img src=""http://a.fsdn.com/sd/twitter_icon_large.png""></a> <a class=""slashpop"" href=""http://www.facebook.com/sharer.php?u=http%3A%2F%2Fhardware.slashdot.org%2Fstory%2F15%2F01%2F20%2F1655242%2Flibrem-a-laptop-custom-made-for-freelibre-software%3Futm_source%3Dslashdot%26utm_medium%3Dfacebook""><img src=""http://a.fsdn.com/sd/facebook_icon_large.png""></a> <a class=""nobg"" href=""http://plus.google.com/share?url=http://hardware.slashdot.org/story/15/01/20/1655242/librem-a-laptop-custom-made-for-freelibre-software?utm_source=slashdot&amp;utm_medium=googleplus"" onclick=""javascript:window.open(this.href,'', 'menubar=no,toolbar=no,resizable=yes,scrollbars=yes,height=600,width=600');return false;""><img src=""http://www.gstatic.com/images/icons/gplus-16.png"" alt=""Share on Google+""/></a> </div></p><p><a href=""http://hardware.slashdot.org/story/15/01/20/1655242/librem-a-laptop-custom-made-for-freelibre-software?utm_source=rss1.0moreanon&amp;utm_medium=feed"">Read more of this story</a> at Slashdot.</p><iframe src=""http://slashdot.org/slashdot-it.pl?op=discuss&amp;id=6770333&amp;smallembed=1"" style=""height: 300px; width: 100%; border: none;""></iframe><img width='1' height='1' src='http://slashdot.feedsportal.com/c/35028/f/647410/s/4285556d/sc/28/mf.gif' border='0'/><br clear='all'/><br/><br/><a href=""http://da.feedsportal.com/r/218610830063/u/49/f/647410/c/35028/s/4285556d/sc/28/rc/1/rc.htm"" rel=""nofollow""><img src=""http://da.feedsportal.com/r/218610830063/u/49/f/647410/c/35028/s/4285556d/sc/28/rc/1/rc.img"" border=""0""/></a><br/><a href=""http://da.feedsportal.com/r/218610830063/u/49/f/647410/c/35028/s/4285556d/sc/28/rc/2/rc.htm"" rel=""nofollow""><img src=""http://da.feedsportal.com/r/218610830063/u/49/f/647410/c/35028/s/4285556d/sc/28/rc/2/rc.img"" border=""0""/></a><br/><a href=""http://da.feedsportal.com/r/218610830063/u/49/f/647410/c/35028/s/4285556d/sc/28/rc/3/rc.htm"" rel=""nofollow""><img src=""http://da.feedsportal.com/r/218610830063/u/49/f/647410/c/35028/s/4285556d/sc/28/rc/3/rc.img"" border=""0""/></a><br/><br/><a href=""http://da.feedsportal.com/r/218610830063/u/49/f/647410/c/35028/s/4285556d/sc/28/a2.htm""><img src=""http://da.feedsportal.com/r/218610830063/u/49/f/647410/c/35028/s/4285556d/sc/28/a2.img"" border=""0""/></a><img width=""1"" height=""1"" src=""http://pi.feedsportal.com/r/218610830063/u/49/f/647410/c/35028/s/4285556d/sc/28/a2t.img"" border=""0""/><img src=""//feeds.feedburner.com/~r/Slashdot/slashdot/~4/DjVWtUXsS9c"" height=""1"" width=""1"" alt=""""/>"
Martin Luther King Jr.’s Haunting Reflections on Science and Progress (Scientific American),http://news.feedzilla.com/en_us/stories/science/416571264?client_source=api&format=json,"Wanting to post something to honor Martin Luther King Day, I searched online
for commentary by King on science. I found some examples in a terrific 2012
column by science journalist Cara Santa Maria,...


-- Read more on ScientificAmerican.com

"
Method for production of hydrocarbons by increasing hydrocarbon chain length (Fresh Patents),http://news.feedzilla.com/en_us/stories/science/416549818?client_source=api&format=json,"The present invention provides a method for increasing hydrocarbon chain
length. The method comprises providing a feedstock comprising fatty acids
and/or fatty acid esters with hydrocarbon chain length below C23 into a
reaction zone in which ketonisation is conducted in the presence of a
hydrotreatment catalyst under hydrogen pressure. The...

"
More Progress Made Toward Learning Contents of Herculaneum Scrolls (NY Times),http://news.feedzilla.com/en_us/stories/science/416710196?client_source=api&format=json,"Researchers say that for the first time, they can read letters inside the
scrolls without unrolling them, by using a laserlike beam of X-rays.







"
Moscow To Track Cell-phone Users In 2015 For Traffic Analysis,http://rss.slashdot.org/~r/Slashdot/slashdot/~3/kVWyjRU35bc/story01.htm,"An anonymous reader links to this story at The Stack (based on this translated report) that ""The Moscow authorities will begin using the signal from Muscovites' cell-phones in 2015 to research patterns of traffic and points of congestion, with a view to changes in travel infrastructure including roads, the Moscow metro and bus services. The tracking, which appears to opt all users in unilaterally, promises not to identify individual cell-phone numbers, and will use GSM in most cases, but also GPS in more densely-constructed areas of the old city. The system is already in limited use on the roads, but will be extended to pedestrians and subway users in 2015. The city of 11.5 million people has three main cell providers, all of whom cooperate fully with authorities' request for information. A representative of one, Beeline, said: ""We prepare reports that detail where our subscribers work, live, move, and other aspects.""<p><div class=""share_submission"" style=""position:relative;""> <a class=""slashpop"" href=""http://twitter.com/home?status=Moscow+To+Track+Cell-phone+Users+In+2015+For+Traffic+Analysis%3A+http%3A%2F%2Fbit.ly%2F1yDM4g4""><img src=""http://a.fsdn.com/sd/twitter_icon_large.png""></a> <a class=""slashpop"" href=""http://www.facebook.com/sharer.php?u=http%3A%2F%2Fyro.slashdot.org%2Fstory%2F15%2F01%2F20%2F1451201%2Fmoscow-to-track-cell-phone-users-in-2015-for-traffic-analysis%3Futm_source%3Dslashdot%26utm_medium%3Dfacebook""><img src=""http://a.fsdn.com/sd/facebook_icon_large.png""></a> <a class=""nobg"" href=""http://plus.google.com/share?url=http://yro.slashdot.org/story/15/01/20/1451201/moscow-to-track-cell-phone-users-in-2015-for-traffic-analysis?utm_source=slashdot&amp;utm_medium=googleplus"" onclick=""javascript:window.open(this.href,'', 'menubar=no,toolbar=no,resizable=yes,scrollbars=yes,height=600,width=600');return false;""><img src=""http://www.gstatic.com/images/icons/gplus-16.png"" alt=""Share on Google+""/></a> </div></p><p><a href=""http://yro.slashdot.org/story/15/01/20/1451201/moscow-to-track-cell-phone-users-in-2015-for-traffic-analysis?utm_source=rss1.0moreanon&amp;utm_medium=feed"">Read more of this story</a> at Slashdot.</p><iframe src=""http://slashdot.org/slashdot-it.pl?op=discuss&amp;id=6769753&amp;smallembed=1"" style=""height: 300px; width: 100%; border: none;""></iframe><img width='1' height='1' src='http://slashdot.feedsportal.com/c/35028/f/647410/s/4283e810/sc/4/mf.gif' border='0'/><br clear='all'/><br/><br/><a href=""http://da.feedsportal.com/r/219132088629/u/49/f/647410/c/35028/s/4283e810/sc/4/rc/1/rc.htm"" rel=""nofollow""><img src=""http://da.feedsportal.com/r/219132088629/u/49/f/647410/c/35028/s/4283e810/sc/4/rc/1/rc.img"" border=""0""/></a><br/><a href=""http://da.feedsportal.com/r/219132088629/u/49/f/647410/c/35028/s/4283e810/sc/4/rc/2/rc.htm"" rel=""nofollow""><img src=""http://da.feedsportal.com/r/219132088629/u/49/f/647410/c/35028/s/4283e810/sc/4/rc/2/rc.img"" border=""0""/></a><br/><a href=""http://da.feedsportal.com/r/219132088629/u/49/f/647410/c/35028/s/4283e810/sc/4/rc/3/rc.htm"" rel=""nofollow""><img src=""http://da.feedsportal.com/r/219132088629/u/49/f/647410/c/35028/s/4283e810/sc/4/rc/3/rc.img"" border=""0""/></a><br/><br/><a href=""http://da.feedsportal.com/r/219132088629/u/49/f/647410/c/35028/s/4283e810/sc/4/a2.htm""><img src=""http://da.feedsportal.com/r/219132088629/u/49/f/647410/c/35028/s/4283e810/sc/4/a2.img"" border=""0""/></a><img width=""1"" height=""1"" src=""http://pi.feedsportal.com/r/219132088629/u/49/f/647410/c/35028/s/4283e810/sc/4/a2t.img"" border=""0""/><img src=""//feeds.feedburner.com/~r/Slashdot/slashdot/~4/kVWyjRU35bc"" height=""1"" width=""1"" alt=""""/>"
Mysterious goo blamed in Bay Area bird deaths; tests planned (The Arizona Republic),http://news.feedzilla.com/en_us/stories/science/416754136?client_source=api&format=json,"SAN FRANCISCO (AP) -- A mysterious sticky substance has been found coating the
feathers of about 300 seabirds in the San Francisco Bay Area in the past few
days, and wildlife officials blame it for dozens of deaths....

"
NJ Museum Revives TIROS Satellite Dish After 40 Years,http://rss.slashdot.org/~r/Slashdot/slashdot/~3/86ILDr0UPOY/story01.htm,"evanak writes TIROS was NASA's Television Infrared Observation Satellite. It launched in April 1960. One of the ground tracking stations was located at the U.S. Army's secret ""Camps Evans"" Signals Corps electronics R&amp;D laboratory. That laboratory (originally a Marconi wireless telegraph lab) became the InfoAge Science Center in the 2000s. [Monday], after many years of restoration, InfoAge volunteers (led by Princeton U. professor Dan Marlowe) successfully received data from space. The dish is now operating for the first time in 40 years! The received data are in very raw form, but there is a clear peak riding on top of the noise background at 0.4 MHz (actually 1420.4 MHz), which is the well-known 21 cm radiation from the Milky Way. The dish was pointing south at an elevation of 45 degrees above the horizon.<p><div class=""share_submission"" style=""position:relative;""> <a class=""slashpop"" href=""http://twitter.com/home?status=NJ+Museum+Revives+TIROS+Satellite+Dish+After+40+Years%3A+http%3A%2F%2Fbit.ly%2F1yFjnmc""><img src=""http://a.fsdn.com/sd/twitter_icon_large.png""></a> <a class=""slashpop"" href=""http://www.facebook.com/sharer.php?u=http%3A%2F%2Fhardware.slashdot.org%2Fstory%2F15%2F01%2F20%2F1423237%2Fnj-museum-revives-tiros-satellite-dish-after-40-years%3Futm_source%3Dslashdot%26utm_medium%3Dfacebook""><img src=""http://a.fsdn.com/sd/facebook_icon_large.png""></a> <a class=""nobg"" href=""http://plus.google.com/share?url=http://hardware.slashdot.org/story/15/01/20/1423237/nj-museum-revives-tiros-satellite-dish-after-40-years?utm_source=slashdot&amp;utm_medium=googleplus"" onclick=""javascript:window.open(this.href,'', 'menubar=no,toolbar=no,resizable=yes,scrollbars=yes,height=600,width=600');return false;""><img src=""http://www.gstatic.com/images/icons/gplus-16.png"" alt=""Share on Google+""/></a> </div></p><p><a href=""http://hardware.slashdot.org/story/15/01/20/1423237/nj-museum-revives-tiros-satellite-dish-after-40-years?utm_source=rss1.0moreanon&amp;utm_medium=feed"">Read more of this story</a> at Slashdot.</p><iframe src=""http://slashdot.org/slashdot-it.pl?op=discuss&amp;id=6769617&amp;smallembed=1"" style=""height: 300px; width: 100%; border: none;""></iframe><img width='1' height='1' src='http://slashdot.feedsportal.com/c/35028/f/647410/s/4283df71/sc/8/mf.gif' border='0'/><br clear='all'/><br/><br/><a href=""http://da.feedsportal.com/r/219132087492/u/49/f/647410/c/35028/s/4283df71/sc/8/rc/1/rc.htm"" rel=""nofollow""><img src=""http://da.feedsportal.com/r/219132087492/u/49/f/647410/c/35028/s/4283df71/sc/8/rc/1/rc.img"" border=""0""/></a><br/><a href=""http://da.feedsportal.com/r/219132087492/u/49/f/647410/c/35028/s/4283df71/sc/8/rc/2/rc.htm"" rel=""nofollow""><img src=""http://da.feedsportal.com/r/219132087492/u/49/f/647410/c/35028/s/4283df71/sc/8/rc/2/rc.img"" border=""0""/></a><br/><a href=""http://da.feedsportal.com/r/219132087492/u/49/f/647410/c/35028/s/4283df71/sc/8/rc/3/rc.htm"" rel=""nofollow""><img src=""http://da.feedsportal.com/r/219132087492/u/49/f/647410/c/35028/s/4283df71/sc/8/rc/3/rc.img"" border=""0""/></a><br/><br/><a href=""http://da.feedsportal.com/r/219132087492/u/49/f/647410/c/35028/s/4283df71/sc/8/a2.htm""><img src=""http://da.feedsportal.com/r/219132087492/u/49/f/647410/c/35028/s/4283df71/sc/8/a2.img"" border=""0""/></a><img width=""1"" height=""1"" src=""http://pi.feedsportal.com/r/219132087492/u/49/f/647410/c/35028/s/4283df71/sc/8/a2t.img"" border=""0""/><img src=""//feeds.feedburner.com/~r/Slashdot/slashdot/~4/86ILDr0UPOY"" height=""1"" width=""1"" alt=""""/>"
Police Nation-Wide Use Wall-Penetrating Radars To Peer Into Homes,http://rss.slashdot.org/~r/Slashdot/slashdot/~3/CDlSVcAbPKg/story01.htm,"mi writes At least 50 U.S. law enforcement agencies have secretly equipped their officers with radar devices that allow them to effectively peer through the walls of houses to see whether anyone is inside. The device the Marshals Service and others are using, known as the Range-R, looks like a sophisticated stud-finder. Its display shows whether it has detected movement on the other side of a wall and, if so, how far away it is &mdash; but it does not show a picture of what's happening inside. The Range-R's maker, L-3 Communications, estimates it has sold about 200 devices to 50 law enforcement agencies at a cost of about $6,000 each. Other radar devices have far more advanced capabilities, including three-dimensional displays of where people are located inside a building, according to marketing materials from their manufacturers. One is capable of being mounted on a drone. And the Justice Department has funded research to develop systems that can map the interiors of buildings and locate the people within them.<p><div class=""share_submission"" style=""position:relative;""> <a class=""slashpop"" href=""http://twitter.com/home?status=Police+Nation-Wide+Use+Wall-Penetrating+Radars+To+Peer+Into+Homes%3A+http%3A%2F%2Fbit.ly%2F1Gq1POy""><img src=""http://a.fsdn.com/sd/twitter_icon_large.png""></a> <a class=""slashpop"" href=""http://www.facebook.com/sharer.php?u=http%3A%2F%2Fhardware.slashdot.org%2Fstory%2F15%2F01%2F20%2F1746241%2Fpolice-nation-wide-use-wall-penetrating-radars-to-peer-into-homes%3Futm_source%3Dslashdot%26utm_medium%3Dfacebook""><img src=""http://a.fsdn.com/sd/facebook_icon_large.png""></a> <a class=""nobg"" href=""http://plus.google.com/share?url=http://hardware.slashdot.org/story/15/01/20/1746241/police-nation-wide-use-wall-penetrating-radars-to-peer-into-homes?utm_source=slashdot&amp;utm_medium=googleplus"" onclick=""javascript:window.open(this.href,'', 'menubar=no,toolbar=no,resizable=yes,scrollbars=yes,height=600,width=600');return false;""><img src=""http://www.gstatic.com/images/icons/gplus-16.png"" alt=""Share on Google+""/></a> </div></p><p><a href=""http://hardware.slashdot.org/story/15/01/20/1746241/police-nation-wide-use-wall-penetrating-radars-to-peer-into-homes?utm_source=rss1.0moreanon&amp;utm_medium=feed"">Read more of this story</a> at Slashdot.</p><iframe src=""http://slashdot.org/slashdot-it.pl?op=discuss&amp;id=6770557&amp;smallembed=1"" style=""height: 300px; width: 100%; border: none;""></iframe><img width='1' height='1' src='http://slashdot.feedsportal.com/c/35028/f/647410/s/4285a606/sc/1/mf.gif' border='0'/><br clear='all'/><br/><br/><a href=""http://da.feedsportal.com/r/219132095633/u/49/f/647410/c/35028/s/4285a606/sc/1/rc/1/rc.htm"" rel=""nofollow""><img src=""http://da.feedsportal.com/r/219132095633/u/49/f/647410/c/35028/s/4285a606/sc/1/rc/1/rc.img"" border=""0""/></a><br/><a href=""http://da.feedsportal.com/r/219132095633/u/49/f/647410/c/35028/s/4285a606/sc/1/rc/2/rc.htm"" rel=""nofollow""><img src=""http://da.feedsportal.com/r/219132095633/u/49/f/647410/c/35028/s/4285a606/sc/1/rc/2/rc.img"" border=""0""/></a><br/><a href=""http://da.feedsportal.com/r/219132095633/u/49/f/647410/c/35028/s/4285a606/sc/1/rc/3/rc.htm"" rel=""nofollow""><img src=""http://da.feedsportal.com/r/219132095633/u/49/f/647410/c/35028/s/4285a606/sc/1/rc/3/rc.img"" border=""0""/></a><br/><br/><a href=""http://da.feedsportal.com/r/219132095633/u/49/f/647410/c/35028/s/4285a606/sc/1/a2.htm""><img src=""http://da.feedsportal.com/r/219132095633/u/49/f/647410/c/35028/s/4285a606/sc/1/a2.img"" border=""0""/></a><img width=""1"" height=""1"" src=""http://pi.feedsportal.com/r/219132095633/u/49/f/647410/c/35028/s/4285a606/sc/1/a2t.img"" border=""0""/><img src=""//feeds.feedburner.com/~r/Slashdot/slashdot/~4/CDlSVcAbPKg"" height=""1"" width=""1"" alt=""""/>"
Regular Exercise Not Enough To Make Up For Sitting All Day,http://rss.slashdot.org/~r/Slashdot/slashdot/~3/RyUgmCm2wzw/story01.htm,"An anonymous reader writes: Toronto researchers have found the amount of time a person sits during the day is associated with a higher risk of disease and death, regardless of regular exercise. The paper, published Monday in the Annals of Internal Medicine (abstract), found that prolonged sedentary behavior was associated with a 15 to 20 per cent higher risk of death from any cause; a 15 to 20 per cent higher risk of heart disease, death from heart disease, cancer, death from cancer; and as much as a 90 per cent increased risk of developing diabetes, said Alter. And that was after adjusting for the effects of regular exercise. ... Engaging in 30 to 60 minutes of moderate to vigorous daily exercise does not mean it's OK to then ""sit on your rear"" for the rest of the day.<p><div class=""share_submission"" style=""position:relative;""> <a class=""slashpop"" href=""http://twitter.com/home?status=Regular+Exercise+Not+Enough+To+Make+Up+For+Sitting+All+Day%3A+http%3A%2F%2Fbit.ly%2F15qIi06""><img src=""http://a.fsdn.com/sd/twitter_icon_large.png""></a> <a class=""slashpop"" href=""http://www.facebook.com/sharer.php?u=http%3A%2F%2Fscience.slashdot.org%2Fstory%2F15%2F01%2F20%2F0528218%2Fregular-exercise-not-enough-to-make-up-for-sitting-all-day%3Futm_source%3Dslashdot%26utm_medium%3Dfacebook""><img src=""http://a.fsdn.com/sd/facebook_icon_large.png""></a> <a class=""nobg"" href=""http://plus.google.com/share?url=http://science.slashdot.org/story/15/01/20/0528218/regular-exercise-not-enough-to-make-up-for-sitting-all-day?utm_source=slashdot&amp;utm_medium=googleplus"" onclick=""javascript:window.open(this.href,'', 'menubar=no,toolbar=no,resizable=yes,scrollbars=yes,height=600,width=600');return false;""><img src=""http://www.gstatic.com/images/icons/gplus-16.png"" alt=""Share on Google+""/></a> </div></p><p><a href=""http://science.slashdot.org/story/15/01/20/0528218/regular-exercise-not-enough-to-make-up-for-sitting-all-day?utm_source=rss1.0moreanon&amp;utm_medium=feed"">Read more of this story</a> at Slashdot.</p><iframe src=""http://slashdot.org/slashdot-it.pl?op=discuss&amp;id=6764941&amp;smallembed=1"" style=""height: 300px; width: 100%; border: none;""></iframe><img width='1' height='1' src='http://slashdot.feedsportal.com/c/35028/f/647410/s/4283527d/sc/14/mf.gif' border='0'/><br clear='all'/><br/><br/><a href=""http://da.feedsportal.com/r/218610821515/u/49/f/647410/c/35028/s/4283527d/sc/14/rc/1/rc.htm"" rel=""nofollow""><img src=""http://da.feedsportal.com/r/218610821515/u/49/f/647410/c/35028/s/4283527d/sc/14/rc/1/rc.img"" border=""0""/></a><br/><a href=""http://da.feedsportal.com/r/218610821515/u/49/f/647410/c/35028/s/4283527d/sc/14/rc/2/rc.htm"" rel=""nofollow""><img src=""http://da.feedsportal.com/r/218610821515/u/49/f/647410/c/35028/s/4283527d/sc/14/rc/2/rc.img"" border=""0""/></a><br/><a href=""http://da.feedsportal.com/r/218610821515/u/49/f/647410/c/35028/s/4283527d/sc/14/rc/3/rc.htm"" rel=""nofollow""><img src=""http://da.feedsportal.com/r/218610821515/u/49/f/647410/c/35028/s/4283527d/sc/14/rc/3/rc.img"" border=""0""/></a><br/><br/><a href=""http://da.feedsportal.com/r/218610821515/u/49/f/647410/c/35028/s/4283527d/sc/14/a2.htm""><img src=""http://da.feedsportal.com/r/218610821515/u/49/f/647410/c/35028/s/4283527d/sc/14/a2.img"" border=""0""/></a><img width=""1"" height=""1"" src=""http://pi.feedsportal.com/r/218610821515/u/49/f/647410/c/35028/s/4283527d/sc/14/a2t.img"" border=""0""/><img src=""//feeds.feedburner.com/~r/Slashdot/slashdot/~4/RyUgmCm2wzw"" height=""1"" width=""1"" alt=""""/>"
Researchers Use Siri To Steal Data From iPhones,http://rss.slashdot.org/~r/Slashdot/slashdot/~3/osZkXNFUk-I/story01.htm,"wiredmikey writes ""Using Apple's voice-activated Siri function, security researchers have managed to steal sensitive information from iOS smartphones in a stealthy manner. Luca Caviglione of the National Research Council of Italy and Wojciech Mazurczy of the Warsaw University of Technology warn that malicious actors could use Siri for stealthy data exfiltration by using a method that's based on steganography, the practice of hiding information. Dubbed ""iStegSiri"" by the researchers, the attack can be effective because it doesn't require the installation of additional software components and it doesn't need the device's alteration. On the other hand, it only works on jailbroken devices and attackers somehow need to be able to intercept the modified Siri traffic. The attack method involves controlling the ""shape"" of this traffic to embed sensitive data from the device. This covert channel could be used to send credit card numbers, Apple IDs, passwords, and other sensitive information from the phone to the criminal mastermind, researchers said in their paper.<p><div class=""share_submission"" style=""position:relative;""> <a class=""slashpop"" href=""http://twitter.com/home?status=Researchers+Use+Siri+To+Steal+Data+From+iPhones%3A+http%3A%2F%2Fbit.ly%2F1J0eohg""><img src=""http://a.fsdn.com/sd/twitter_icon_large.png""></a> <a class=""slashpop"" href=""http://www.facebook.com/sharer.php?u=http%3A%2F%2Fapple.slashdot.org%2Fstory%2F15%2F01%2F19%2F2126258%2Fresearchers-use-siri-to-steal-data-from-iphones%3Futm_source%3Dslashdot%26utm_medium%3Dfacebook""><img src=""http://a.fsdn.com/sd/facebook_icon_large.png""></a> <a class=""nobg"" href=""http://plus.google.com/share?url=http://apple.slashdot.org/story/15/01/19/2126258/researchers-use-siri-to-steal-data-from-iphones?utm_source=slashdot&amp;utm_medium=googleplus"" onclick=""javascript:window.open(this.href,'', 'menubar=no,toolbar=no,resizable=yes,scrollbars=yes,height=600,width=600');return false;""><img src=""http://www.gstatic.com/images/icons/gplus-16.png"" alt=""Share on Google+""/></a> </div></p><p><a href=""http://apple.slashdot.org/story/15/01/19/2126258/researchers-use-siri-to-steal-data-from-iphones?utm_source=rss1.0moreanon&amp;utm_medium=feed"">Read more of this story</a> at Slashdot.</p><iframe src=""http://slashdot.org/slashdot-it.pl?op=discuss&amp;id=6762735&amp;smallembed=1"" style=""height: 300px; width: 100%; border: none;""></iframe><img width='1' height='1' src='http://slashdot.feedsportal.com/c/35028/f/647410/s/427d83b2/sc/4/mf.gif' border='0'/><br clear='all'/><br/><br/><a href=""http://da.feedsportal.com/r/219132057217/u/49/f/647410/c/35028/s/427d83b2/sc/4/rc/1/rc.htm"" rel=""nofollow""><img src=""http://da.feedsportal.com/r/219132057217/u/49/f/647410/c/35028/s/427d83b2/sc/4/rc/1/rc.img"" border=""0""/></a><br/><a href=""http://da.feedsportal.com/r/219132057217/u/49/f/647410/c/35028/s/427d83b2/sc/4/rc/2/rc.htm"" rel=""nofollow""><img src=""http://da.feedsportal.com/r/219132057217/u/49/f/647410/c/35028/s/427d83b2/sc/4/rc/2/rc.img"" border=""0""/></a><br/><a href=""http://da.feedsportal.com/r/219132057217/u/49/f/647410/c/35028/s/427d83b2/sc/4/rc/3/rc.htm"" rel=""nofollow""><img src=""http://da.feedsportal.com/r/219132057217/u/49/f/647410/c/35028/s/427d83b2/sc/4/rc/3/rc.img"" border=""0""/></a><br/><br/><a href=""http://da.feedsportal.com/r/219132057217/u/49/f/647410/c/35028/s/427d83b2/sc/4/a2.htm""><img src=""http://da.feedsportal.com/r/219132057217/u/49/f/647410/c/35028/s/427d83b2/sc/4/a2.img"" border=""0""/></a><img width=""1"" height=""1"" src=""http://pi.feedsportal.com/r/219132057217/u/49/f/647410/c/35028/s/427d83b2/sc/4/a2t.img"" border=""0""/><img src=""//feeds.feedburner.com/~r/Slashdot/slashdot/~4/osZkXNFUk-I"" height=""1"" width=""1"" alt=""""/>"
Samsung's Advanced Chips Give Its Cameras a Big Boost,http://rss.slashdot.org/~r/Slashdot/slashdot/~3/N2mhHMGe0M8/story01.htm,"GhostX9 writes: SLR Lounge just posted a first look at the Samsung NX1 28.1 MP interchangeable lens camera. They compare it to Canon and Sony full-frame sensors. Spoiler: The Samsung sensor seems to beat the Sony A7R sensor up to ISO 3200. They attribute this to Samsung's chip foundry. While Sony is using 180nm manufacturing (Intel Pentium III era) and Canon is still using 500nm process (AMD DX4 era), Samsung has gone with 65nm with copper interconnects (Intel Core 2 Duo &mdash; Conroe era). Furthermore, Samsung's premium lenses appear to be as sharp or sharper than Canon's L line and Sony's Zeiss line in the center, although the Canon 24-70/2.8L II is sharper at the edge of the frame.<p><div class=""share_submission"" style=""position:relative;""> <a class=""slashpop"" href=""http://twitter.com/home?status=Samsung's+Advanced+Chips+Give+Its+Cameras+a+Big+Boost%3A+http%3A%2F%2Fbit.ly%2F1yj9BnM""><img src=""http://a.fsdn.com/sd/twitter_icon_large.png""></a> <a class=""slashpop"" href=""http://www.facebook.com/sharer.php?u=http%3A%2F%2Fhardware.slashdot.org%2Fstory%2F15%2F01%2F20%2F0028212%2Fsamsungs-advanced-chips-give-its-cameras-a-big-boost%3Futm_source%3Dslashdot%26utm_medium%3Dfacebook""><img src=""http://a.fsdn.com/sd/facebook_icon_large.png""></a> <a class=""nobg"" href=""http://plus.google.com/share?url=http://hardware.slashdot.org/story/15/01/20/0028212/samsungs-advanced-chips-give-its-cameras-a-big-boost?utm_source=slashdot&amp;utm_medium=googleplus"" onclick=""javascript:window.open(this.href,'', 'menubar=no,toolbar=no,resizable=yes,scrollbars=yes,height=600,width=600');return false;""><img src=""http://www.gstatic.com/images/icons/gplus-16.png"" alt=""Share on Google+""/></a> </div></p><p><a href=""http://hardware.slashdot.org/story/15/01/20/0028212/samsungs-advanced-chips-give-its-cameras-a-big-boost?utm_source=rss1.0moreanon&amp;utm_medium=feed"">Read more of this story</a> at Slashdot.</p><iframe src=""http://slashdot.org/slashdot-it.pl?op=discuss&amp;id=6763131&amp;smallembed=1"" style=""height: 300px; width: 100%; border: none;""></iframe><img width='1' height='1' src='http://slashdot.feedsportal.com/c/35028/f/647410/s/427dfcfa/sc/28/mf.gif' border='0'/><br clear='all'/><br/><br/><a href=""http://da.feedsportal.com/r/219132060430/u/49/f/647410/c/35028/s/427dfcfa/sc/28/rc/1/rc.htm"" rel=""nofollow""><img src=""http://da.feedsportal.com/r/219132060430/u/49/f/647410/c/35028/s/427dfcfa/sc/28/rc/1/rc.img"" border=""0""/></a><br/><a href=""http://da.feedsportal.com/r/219132060430/u/49/f/647410/c/35028/s/427dfcfa/sc/28/rc/2/rc.htm"" rel=""nofollow""><img src=""http://da.feedsportal.com/r/219132060430/u/49/f/647410/c/35028/s/427dfcfa/sc/28/rc/2/rc.img"" border=""0""/></a><br/><a href=""http://da.feedsportal.com/r/219132060430/u/49/f/647410/c/35028/s/427dfcfa/sc/28/rc/3/rc.htm"" rel=""nofollow""><img src=""http://da.feedsportal.com/r/219132060430/u/49/f/647410/c/35028/s/427dfcfa/sc/28/rc/3/rc.img"" border=""0""/></a><br/><br/><a href=""http://da.feedsportal.com/r/219132060430/u/49/f/647410/c/35028/s/427dfcfa/sc/28/a2.htm""><img src=""http://da.feedsportal.com/r/219132060430/u/49/f/647410/c/35028/s/427dfcfa/sc/28/a2.img"" border=""0""/></a><img width=""1"" height=""1"" src=""http://pi.feedsportal.com/r/219132060430/u/49/f/647410/c/35028/s/427dfcfa/sc/28/a2t.img"" border=""0""/><img src=""//feeds.feedburner.com/~r/Slashdot/slashdot/~4/N2mhHMGe0M8"" height=""1"" width=""1"" alt=""""/>"
Scientists Unlock Secrets of Ancient Scrolls Near Pompeii (TIME),http://news.feedzilla.com/en_us/stories/science/416754383?client_source=api&format=json,"The breakthrough could help find more long-lost texts in a ruined library

"
Secrets of Neandertal Cognition Revealed (Scientific American),http://news.feedzilla.com/en_us/stories/science/416769211?client_source=api&format=json,"Analyses of anatomy, DNA and cultural remains have yielded tantalizing
insights into the inner lives of our mysterious extinct cousins


-- Read more on ScientificAmerican.com

"
Self-Assembling Carbohydrates Trap Cancer Cells In A Cage (pubs.acs),http://news.feedzilla.com/en_us/stories/science/416726318?client_source=api&format=json,"Biomaterials: The molecules form a deadly nanofiber web around bone cancer
cells while leaving healthy cells alone

"
Serious Fraud Office Drop Investigation Into Autonomy Accounting,http://rss.slashdot.org/~r/Slashdot/slashdot/~3/XE811aGSyWA/story01.htm,"mrspoonsi sends up an update on the investigation into Autonomy, a software company acquired by HP in 2011. HP paid a staggering $11.7 billion in the deal, then later wrote off $8.8 billion and claimed Autonomy's management intentionally defrauded them. The UK Serious Fraud Office opened a case on the matter in 2013, but that investigation has now been dropped. According to the Office's press release, they felt there was ""insufficient evidence for a realistic prospect of conviction,"" given the information they had to work with. Autonomy is not off the hook, however &mdash; the case has now been entirely ceded to U.S. authorities.<p><div class=""share_submission"" style=""position:relative;""> <a class=""slashpop"" href=""http://twitter.com/home?status=Serious+Fraud+Office+Drop+Investigation+Into+Autonomy+Accounting%3A+http%3A%2F%2Fbit.ly%2F1J1lySy""><img src=""http://a.fsdn.com/sd/twitter_icon_large.png""></a> <a class=""slashpop"" href=""http://www.facebook.com/sharer.php?u=http%3A%2F%2Fnews.slashdot.org%2Fstory%2F15%2F01%2F20%2F0041235%2Fserious-fraud-office-drop-investigation-into-autonomy-accounting%3Futm_source%3Dslashdot%26utm_medium%3Dfacebook""><img src=""http://a.fsdn.com/sd/facebook_icon_large.png""></a> <a class=""nobg"" href=""http://plus.google.com/share?url=http://news.slashdot.org/story/15/01/20/0041235/serious-fraud-office-drop-investigation-into-autonomy-accounting?utm_source=slashdot&amp;utm_medium=googleplus"" onclick=""javascript:window.open(this.href,'', 'menubar=no,toolbar=no,resizable=yes,scrollbars=yes,height=600,width=600');return false;""><img src=""http://www.gstatic.com/images/icons/gplus-16.png"" alt=""Share on Google+""/></a> </div></p><p><a href=""http://news.slashdot.org/story/15/01/20/0041235/serious-fraud-office-drop-investigation-into-autonomy-accounting?utm_source=rss1.0moreanon&amp;utm_medium=feed"">Read more of this story</a> at Slashdot.</p><iframe src=""http://slashdot.org/slashdot-it.pl?op=discuss&amp;id=6763151&amp;smallembed=1"" style=""height: 300px; width: 100%; border: none;""></iframe><img width='1' height='1' src='http://slashdot.feedsportal.com/c/35028/f/647410/s/427ea3b7/sc/1/mf.gif' border='0'/><br clear='all'/><br/><br/><a href=""http://da.feedsportal.com/r/218610821685/u/49/f/647410/c/35028/s/427ea3b7/sc/1/rc/1/rc.htm"" rel=""nofollow""><img src=""http://da.feedsportal.com/r/218610821685/u/49/f/647410/c/35028/s/427ea3b7/sc/1/rc/1/rc.img"" border=""0""/></a><br/><a href=""http://da.feedsportal.com/r/218610821685/u/49/f/647410/c/35028/s/427ea3b7/sc/1/rc/2/rc.htm"" rel=""nofollow""><img src=""http://da.feedsportal.com/r/218610821685/u/49/f/647410/c/35028/s/427ea3b7/sc/1/rc/2/rc.img"" border=""0""/></a><br/><a href=""http://da.feedsportal.com/r/218610821685/u/49/f/647410/c/35028/s/427ea3b7/sc/1/rc/3/rc.htm"" rel=""nofollow""><img src=""http://da.feedsportal.com/r/218610821685/u/49/f/647410/c/35028/s/427ea3b7/sc/1/rc/3/rc.img"" border=""0""/></a><br/><br/><a href=""http://da.feedsportal.com/r/218610821685/u/49/f/647410/c/35028/s/427ea3b7/sc/1/a2.htm""><img src=""http://da.feedsportal.com/r/218610821685/u/49/f/647410/c/35028/s/427ea3b7/sc/1/a2.img"" border=""0""/></a><img width=""1"" height=""1"" src=""http://pi.feedsportal.com/r/218610821685/u/49/f/647410/c/35028/s/427ea3b7/sc/1/a2t.img"" border=""0""/><img src=""//feeds.feedburner.com/~r/Slashdot/slashdot/~4/XE811aGSyWA"" height=""1"" width=""1"" alt=""""/>"
Sid Meier's New Game Is About Starships,http://rss.slashdot.org/~r/Slashdot/slashdot/~3/FXJHLtgM5Ng/story01.htm,"jones_supa writes: The next game from the mind of veteran strategy and simulation game designer Sid Meier has been revealed. 2K and Firaxis Games have announced Sid Meier's Starships, a turn-based interstellar strategy game scheduled to arrive in early 2015 for Windows, OS X, and iOS (iPad). In the game, you control a fleet of starships as you journey through the galaxy to complete missions, protect planets and their inhabitants, and build a planetary federation. As you trek through the stars, you will be challenged to expand your federation's influence and reach. You shall also amass futuristic technology and take part in combat using a deep roster of customizable ships. When designing Starships, Meier was intrigued by the idea of exploring the next chapter in the story of Civilization: Beyond Earth. ""What happens after we colonize our new home and eventually build starships to take to the stars? What has become of our long-lost brothers and sisters from the planet Earth,"" Meier asks. ""My goal was to create an experience that focuses on starship design and combat within a universe filled with interstellar adventure, diplomacy, and exploration.""<p><div class=""share_submission"" style=""position:relative;""> <a class=""slashpop"" href=""http://twitter.com/home?status=Sid+Meier's+New+Game+Is+About+Starships%3A+http%3A%2F%2Fbit.ly%2F17ZqbPF""><img src=""http://a.fsdn.com/sd/twitter_icon_large.png""></a> <a class=""slashpop"" href=""http://www.facebook.com/sharer.php?u=http%3A%2F%2Fgames.slashdot.org%2Fstory%2F15%2F01%2F19%2F2340221%2Fsid-meiers-new-game-is-about-starships%3Futm_source%3Dslashdot%26utm_medium%3Dfacebook""><img src=""http://a.fsdn.com/sd/facebook_icon_large.png""></a> <a class=""nobg"" href=""http://plus.google.com/share?url=http://games.slashdot.org/story/15/01/19/2340221/sid-meiers-new-game-is-about-starships?utm_source=slashdot&amp;utm_medium=googleplus"" onclick=""javascript:window.open(this.href,'', 'menubar=no,toolbar=no,resizable=yes,scrollbars=yes,height=600,width=600');return false;""><img src=""http://www.gstatic.com/images/icons/gplus-16.png"" alt=""Share on Google+""/></a> </div></p><p><a href=""http://games.slashdot.org/story/15/01/19/2340221/sid-meiers-new-game-is-about-starships?utm_source=rss1.0moreanon&amp;utm_medium=feed"">Read more of this story</a> at Slashdot.</p><iframe src=""http://slashdot.org/slashdot-it.pl?op=discuss&amp;id=6763071&amp;smallembed=1"" style=""height: 300px; width: 100%; border: none;""></iframe><img width='1' height='1' src='http://slashdot.feedsportal.com/c/35028/f/647410/s/427d9d65/sc/27/mf.gif' border='0'/><br clear='all'/><br/><br/><a href=""http://da.feedsportal.com/r/218610815111/u/49/f/647410/c/35028/s/427d9d65/sc/27/rc/1/rc.htm"" rel=""nofollow""><img src=""http://da.feedsportal.com/r/218610815111/u/49/f/647410/c/35028/s/427d9d65/sc/27/rc/1/rc.img"" border=""0""/></a><br/><a href=""http://da.feedsportal.com/r/218610815111/u/49/f/647410/c/35028/s/427d9d65/sc/27/rc/2/rc.htm"" rel=""nofollow""><img src=""http://da.feedsportal.com/r/218610815111/u/49/f/647410/c/35028/s/427d9d65/sc/27/rc/2/rc.img"" border=""0""/></a><br/><a href=""http://da.feedsportal.com/r/218610815111/u/49/f/647410/c/35028/s/427d9d65/sc/27/rc/3/rc.htm"" rel=""nofollow""><img src=""http://da.feedsportal.com/r/218610815111/u/49/f/647410/c/35028/s/427d9d65/sc/27/rc/3/rc.img"" border=""0""/></a><br/><br/><a href=""http://da.feedsportal.com/r/218610815111/u/49/f/647410/c/35028/s/427d9d65/sc/27/a2.htm""><img src=""http://da.feedsportal.com/r/218610815111/u/49/f/647410/c/35028/s/427d9d65/sc/27/a2.img"" border=""0""/></a><img width=""1"" height=""1"" src=""http://pi.feedsportal.com/r/218610815111/u/49/f/647410/c/35028/s/427d9d65/sc/27/a2t.img"" border=""0""/><img src=""//feeds.feedburner.com/~r/Slashdot/slashdot/~4/FXJHLtgM5Ng"" height=""1"" width=""1"" alt=""""/>"
Steam Broadcasting Now Open To Everyone,http://rss.slashdot.org/~r/Slashdot/slashdot/~3/Yt9f-CGFFgU/story01.htm,"jones_supa writes: The beta test phase of Steam Broadcasting feature has been completed. It is now available to everyone by updating the client to the newest version. The feature allows users to watch and stream games to and from users on your friends list. Right-clicking the name of a friend who is in-game offers the option to ""Watch Game."" This will send a request which needs to be accepted by the player so that the spectator can hop in. A chat is also included. Steam Broadcasting was first announced late last year as an alternative to third-party streaming services like Twitch, Ustream and Hitbox.<p><div class=""share_submission"" style=""position:relative;""> <a class=""slashpop"" href=""http://twitter.com/home?status=Steam+Broadcasting+Now+Open+To+Everyone%3A+http%3A%2F%2Fbit.ly%2F1yniNY4""><img src=""http://a.fsdn.com/sd/twitter_icon_large.png""></a> <a class=""slashpop"" href=""http://www.facebook.com/sharer.php?u=http%3A%2F%2Fgames.slashdot.org%2Fstory%2F15%2F01%2F20%2F209246%2Fsteam-broadcasting-now-open-to-everyone%3Futm_source%3Dslashdot%26utm_medium%3Dfacebook""><img src=""http://a.fsdn.com/sd/facebook_icon_large.png""></a> <a class=""nobg"" href=""http://plus.google.com/share?url=http://games.slashdot.org/story/15/01/20/209246/steam-broadcasting-now-open-to-everyone?utm_source=slashdot&amp;utm_medium=googleplus"" onclick=""javascript:window.open(this.href,'', 'menubar=no,toolbar=no,resizable=yes,scrollbars=yes,height=600,width=600');return false;""><img src=""http://www.gstatic.com/images/icons/gplus-16.png"" alt=""Share on Google+""/></a> </div></p><p><a href=""http://games.slashdot.org/story/15/01/20/209246/steam-broadcasting-now-open-to-everyone?utm_source=rss1.0moreanon&amp;utm_medium=feed"">Read more of this story</a> at Slashdot.</p><iframe src=""http://slashdot.org/slashdot-it.pl?op=discuss&amp;id=6771359&amp;smallembed=1"" style=""height: 300px; width: 100%; border: none;""></iframe><img width='1' height='1' src='http://slashdot.feedsportal.com/c/35028/f/647410/s/42867d0e/sc/4/mf.gif' border='0'/><br clear='all'/><br/><br/><a href=""http://da.feedsportal.com/r/218610835320/u/49/f/647410/c/35028/s/42867d0e/sc/4/rc/1/rc.htm"" rel=""nofollow""><img src=""http://da.feedsportal.com/r/218610835320/u/49/f/647410/c/35028/s/42867d0e/sc/4/rc/1/rc.img"" border=""0""/></a><br/><a href=""http://da.feedsportal.com/r/218610835320/u/49/f/647410/c/35028/s/42867d0e/sc/4/rc/2/rc.htm"" rel=""nofollow""><img src=""http://da.feedsportal.com/r/218610835320/u/49/f/647410/c/35028/s/42867d0e/sc/4/rc/2/rc.img"" border=""0""/></a><br/><a href=""http://da.feedsportal.com/r/218610835320/u/49/f/647410/c/35028/s/42867d0e/sc/4/rc/3/rc.htm"" rel=""nofollow""><img src=""http://da.feedsportal.com/r/218610835320/u/49/f/647410/c/35028/s/42867d0e/sc/4/rc/3/rc.img"" border=""0""/></a><br/><br/><a href=""http://da.feedsportal.com/r/218610835320/u/49/f/647410/c/35028/s/42867d0e/sc/4/a2.htm""><img src=""http://da.feedsportal.com/r/218610835320/u/49/f/647410/c/35028/s/42867d0e/sc/4/a2.img"" border=""0""/></a><img width=""1"" height=""1"" src=""http://pi.feedsportal.com/r/218610835320/u/49/f/647410/c/35028/s/42867d0e/sc/4/a2t.img"" border=""0""/><img src=""//feeds.feedburner.com/~r/Slashdot/slashdot/~4/Yt9f-CGFFgU"" height=""1"" width=""1"" alt=""""/>"
The Dog and Cat Wing: Hospital Sets Up Scanner Center for Pets (Scientific American),http://news.feedzilla.com/en_us/stories/science/416700313?client_source=api&format=json,"A hospital looks to the four-legged to pad its bottom line while improving
care for our furry companions


-- Read more on ScientificAmerican.com

"
The Fixes Sony's DualShock 4 Controller Still Needs,http://rss.slashdot.org/~r/Slashdot/slashdot/~3/vIJWWiSV8Ew/story01.htm,"An anonymous reader writes Sony's PS4 has been on sale for more than a year now, and while its revamped DualShock 4 controller has been critically lauded, it's not without its faults. A new article flags up the issues &mdash; both hardware and software &mdash; that Sony could look to improve. Almost all of the points &mdash; a bigger battery, more options for the lightbar, repositions Option button &mdash; could be fixed with a bit of elbow grease. After all, as the author points out, Sony has already quietly changed the model it ships with each console once already.<p><div class=""share_submission"" style=""position:relative;""> <a class=""slashpop"" href=""http://twitter.com/home?status=The+Fixes+Sony's+DualShock+4+Controller+Still+Needs%3A+http%3A%2F%2Fbit.ly%2F15sdfAg""><img src=""http://a.fsdn.com/sd/twitter_icon_large.png""></a> <a class=""slashpop"" href=""http://www.facebook.com/sharer.php?u=http%3A%2F%2Fhardware.slashdot.org%2Fstory%2F15%2F01%2F20%2F1416207%2Fthe-fixes-sonys-dualshock-4-controller-still-needs%3Futm_source%3Dslashdot%26utm_medium%3Dfacebook""><img src=""http://a.fsdn.com/sd/facebook_icon_large.png""></a> <a class=""nobg"" href=""http://plus.google.com/share?url=http://hardware.slashdot.org/story/15/01/20/1416207/the-fixes-sonys-dualshock-4-controller-still-needs?utm_source=slashdot&amp;utm_medium=googleplus"" onclick=""javascript:window.open(this.href,'', 'menubar=no,toolbar=no,resizable=yes,scrollbars=yes,height=600,width=600');return false;""><img src=""http://www.gstatic.com/images/icons/gplus-16.png"" alt=""Share on Google+""/></a> </div></p><p><a href=""http://hardware.slashdot.org/story/15/01/20/1416207/the-fixes-sonys-dualshock-4-controller-still-needs?utm_source=rss1.0moreanon&amp;utm_medium=feed"">Read more of this story</a> at Slashdot.</p><iframe src=""http://slashdot.org/slashdot-it.pl?op=discuss&amp;id=6769591&amp;smallembed=1"" style=""height: 300px; width: 100%; border: none;""></iframe><img width='1' height='1' src='http://slashdot.feedsportal.com/c/35028/f/647410/s/4283db66/sc/28/mf.gif' border='0'/><br clear='all'/><br/><br/><a href=""http://da.feedsportal.com/r/219132086900/u/49/f/647410/c/35028/s/4283db66/sc/28/rc/1/rc.htm"" rel=""nofollow""><img src=""http://da.feedsportal.com/r/219132086900/u/49/f/647410/c/35028/s/4283db66/sc/28/rc/1/rc.img"" border=""0""/></a><br/><a href=""http://da.feedsportal.com/r/219132086900/u/49/f/647410/c/35028/s/4283db66/sc/28/rc/2/rc.htm"" rel=""nofollow""><img src=""http://da.feedsportal.com/r/219132086900/u/49/f/647410/c/35028/s/4283db66/sc/28/rc/2/rc.img"" border=""0""/></a><br/><a href=""http://da.feedsportal.com/r/219132086900/u/49/f/647410/c/35028/s/4283db66/sc/28/rc/3/rc.htm"" rel=""nofollow""><img src=""http://da.feedsportal.com/r/219132086900/u/49/f/647410/c/35028/s/4283db66/sc/28/rc/3/rc.img"" border=""0""/></a><br/><br/><a href=""http://da.feedsportal.com/r/219132086900/u/49/f/647410/c/35028/s/4283db66/sc/28/a2.htm""><img src=""http://da.feedsportal.com/r/219132086900/u/49/f/647410/c/35028/s/4283db66/sc/28/a2.img"" border=""0""/></a><img width=""1"" height=""1"" src=""http://pi.feedsportal.com/r/219132086900/u/49/f/647410/c/35028/s/4283db66/sc/28/a2t.img"" border=""0""/><img src=""//feeds.feedburner.com/~r/Slashdot/slashdot/~4/vIJWWiSV8Ew"" height=""1"" width=""1"" alt=""""/>"
"The Most Popular Passwords Are Still ""123456"" and ""password""",http://rss.slashdot.org/~r/Slashdot/slashdot/~3/uzwBqsPHTEg/story01.htm,"BarbaraHudson writes: The Independent lists the most popular passwords for 2014, and once again, ""123456"" tops the list, followed by ""password"" and ""12345"" at #3 (lots of Spaceballs fans out there?) . ""qwerty"" still makes the list, but there are some new entries in the top 25, including ""superman"", ""batman"", and ""696969"". The passwords used were mostly from North American and Western European leaks.<p><div class=""share_submission"" style=""position:relative;""> <a class=""slashpop"" href=""http://twitter.com/home?status=The+Most+Popular+Passwords+Are+Still+%22123456%22+and+%22password%22%3A+http%3A%2F%2Fbit.ly%2F1yEzZaw""><img src=""http://a.fsdn.com/sd/twitter_icon_large.png""></a> <a class=""slashpop"" href=""http://www.facebook.com/sharer.php?u=http%3A%2F%2Fit.slashdot.org%2Fstory%2F15%2F01%2F20%2F1834237%2Fthe-most-popular-passwords-are-still-123456-and-password%3Futm_source%3Dslashdot%26utm_medium%3Dfacebook""><img src=""http://a.fsdn.com/sd/facebook_icon_large.png""></a> <a class=""nobg"" href=""http://plus.google.com/share?url=http://it.slashdot.org/story/15/01/20/1834237/the-most-popular-passwords-are-still-123456-and-password?utm_source=slashdot&amp;utm_medium=googleplus"" onclick=""javascript:window.open(this.href,'', 'menubar=no,toolbar=no,resizable=yes,scrollbars=yes,height=600,width=600');return false;""><img src=""http://www.gstatic.com/images/icons/gplus-16.png"" alt=""Share on Google+""/></a> </div></p><p><a href=""http://it.slashdot.org/story/15/01/20/1834237/the-most-popular-passwords-are-still-123456-and-password?utm_source=rss1.0moreanon&amp;utm_medium=feed"">Read more of this story</a> at Slashdot.</p><iframe src=""http://slashdot.org/slashdot-it.pl?op=discuss&amp;id=6770841&amp;smallembed=1"" style=""height: 300px; width: 100%; border: none;""></iframe><img width='1' height='1' src='http://slashdot.feedsportal.com/c/35028/f/647410/s/42864243/sc/36/mf.gif' border='0'/><br clear='all'/><br/><br/><a href=""http://da.feedsportal.com/r/218610854760/u/49/f/647410/c/35028/s/42864243/sc/36/rc/1/rc.htm"" rel=""nofollow""><img src=""http://da.feedsportal.com/r/218610854760/u/49/f/647410/c/35028/s/42864243/sc/36/rc/1/rc.img"" border=""0""/></a><br/><a href=""http://da.feedsportal.com/r/218610854760/u/49/f/647410/c/35028/s/42864243/sc/36/rc/2/rc.htm"" rel=""nofollow""><img src=""http://da.feedsportal.com/r/218610854760/u/49/f/647410/c/35028/s/42864243/sc/36/rc/2/rc.img"" border=""0""/></a><br/><a href=""http://da.feedsportal.com/r/218610854760/u/49/f/647410/c/35028/s/42864243/sc/36/rc/3/rc.htm"" rel=""nofollow""><img src=""http://da.feedsportal.com/r/218610854760/u/49/f/647410/c/35028/s/42864243/sc/36/rc/3/rc.img"" border=""0""/></a><br/><br/><a href=""http://da.feedsportal.com/r/218610854760/u/49/f/647410/c/35028/s/42864243/sc/36/a2.htm""><img src=""http://da.feedsportal.com/r/218610854760/u/49/f/647410/c/35028/s/42864243/sc/36/a2.img"" border=""0""/></a><img width=""1"" height=""1"" src=""http://pi.feedsportal.com/r/218610854760/u/49/f/647410/c/35028/s/42864243/sc/36/a2t.img"" border=""0""/><img src=""//feeds.feedburner.com/~r/Slashdot/slashdot/~4/uzwBqsPHTEg"" height=""1"" width=""1"" alt=""""/>"
"The Shifting Polar Paradox: As the Arctic Meltdown Continues, Will the Arctic Oil Rush Continue? (Discover Magazine)",http://news.feedzilla.com/en_us/stories/science/416463023?client_source=api&format=json,"If I had to come up with one word to describe the gestalt of my first winter
visit to Tromsø, Norway, it would be “paradox.” I’m now here for my third
winter trip, to attend the Arctic Frontiers conference, where the theme is
“climate and energy.” I suspect the same word will apply — but this time for a
different reason. Many things have changed since my first visit in 2013,
including the price of oil, the recognition of how difficult it is to develop
resources in the Arctic, and, possibl

"
"UK ISPs EE, Virgin and Vodafone Back Net Neutrality",http://rss.slashdot.org/~r/Slashdot/slashdot/~3/w8COoqpErh8/story01.htm,"Amanda Parker (3946253) writes EE, Virgin Media and Vodafone have thrown their support behind net neutrality by signing up to the Open Internet Code. Launched in 2012 by the Broadband Stakeholder Group (BSG), the UK code commits the three internet service providers (ISPs) to provide full internet access with no data blocked ""on the basis of commercial rivalry."" Content providers can now lodge a complaint with the BSG if they feel their services are being discriminated against. This latest development means that all major ISPs providing fixed and mobile networks are signed up to the code. BSG CEO Matthew Evans said: ""Unlike some countries, where net neutrality has become a controversial topic for discussion, the UK benefits from a fiercely competitive market and high levels of transparency &mdash; which together offer the best assurance of an open internet.""<p><div class=""share_submission"" style=""position:relative;""> <a class=""slashpop"" href=""http://twitter.com/home?status=UK+ISPs+EE%2C+Virgin+and+Vodafone+Back+Net+Neutrality%3A+http%3A%2F%2Fbit.ly%2F1ztCfnQ""><img src=""http://a.fsdn.com/sd/twitter_icon_large.png""></a> <a class=""slashpop"" href=""http://www.facebook.com/sharer.php?u=http%3A%2F%2Fyro.slashdot.org%2Fstory%2F15%2F01%2F20%2F1333220%2Fuk-isps-ee-virgin-and-vodafone-back-net-neutrality%3Futm_source%3Dslashdot%26utm_medium%3Dfacebook""><img src=""http://a.fsdn.com/sd/facebook_icon_large.png""></a> <a class=""nobg"" href=""http://plus.google.com/share?url=http://yro.slashdot.org/story/15/01/20/1333220/uk-isps-ee-virgin-and-vodafone-back-net-neutrality?utm_source=slashdot&amp;utm_medium=googleplus"" onclick=""javascript:window.open(this.href,'', 'menubar=no,toolbar=no,resizable=yes,scrollbars=yes,height=600,width=600');return false;""><img src=""http://www.gstatic.com/images/icons/gplus-16.png"" alt=""Share on Google+""/></a> </div></p><p><a href=""http://yro.slashdot.org/story/15/01/20/1333220/uk-isps-ee-virgin-and-vodafone-back-net-neutrality?utm_source=rss1.0moreanon&amp;utm_medium=feed"">Read more of this story</a> at Slashdot.</p><iframe src=""http://slashdot.org/slashdot-it.pl?op=discuss&amp;id=6769401&amp;smallembed=1"" style=""height: 300px; width: 100%; border: none;""></iframe><img width='1' height='1' src='http://slashdot.feedsportal.com/c/35028/f/647410/s/428335ac/sc/46/mf.gif' border='0'/><br clear='all'/><br/><br/><a href=""http://da.feedsportal.com/r/218610842924/u/49/f/647410/c/35028/s/428335ac/sc/46/rc/1/rc.htm"" rel=""nofollow""><img src=""http://da.feedsportal.com/r/218610842924/u/49/f/647410/c/35028/s/428335ac/sc/46/rc/1/rc.img"" border=""0""/></a><br/><a href=""http://da.feedsportal.com/r/218610842924/u/49/f/647410/c/35028/s/428335ac/sc/46/rc/2/rc.htm"" rel=""nofollow""><img src=""http://da.feedsportal.com/r/218610842924/u/49/f/647410/c/35028/s/428335ac/sc/46/rc/2/rc.img"" border=""0""/></a><br/><a href=""http://da.feedsportal.com/r/218610842924/u/49/f/647410/c/35028/s/428335ac/sc/46/rc/3/rc.htm"" rel=""nofollow""><img src=""http://da.feedsportal.com/r/218610842924/u/49/f/647410/c/35028/s/428335ac/sc/46/rc/3/rc.img"" border=""0""/></a><br/><br/><a href=""http://da.feedsportal.com/r/218610842924/u/49/f/647410/c/35028/s/428335ac/sc/46/a2.htm""><img src=""http://da.feedsportal.com/r/218610842924/u/49/f/647410/c/35028/s/428335ac/sc/46/a2.img"" border=""0""/></a><img width=""1"" height=""1"" src=""http://pi.feedsportal.com/r/218610842924/u/49/f/647410/c/35028/s/428335ac/sc/46/a2t.img"" border=""0""/><img src=""//feeds.feedburner.com/~r/Slashdot/slashdot/~4/w8COoqpErh8"" height=""1"" width=""1"" alt=""""/>"
Virginia: Governor Recovering After Fall From Horse (New York Times),http://news.feedzilla.com/en_us/stories/science/416590132?client_source=api&format=json,"Gov. Terry McAuliffe was hospitalized Monday in Richmond with complications
from being tossed by a horse and breaking seven ribs during a holiday trip to
Africa with his family, a spokesman said.

"
